101-a_n.wav,3
1037-a_n.wav,2
1038-a_n.wav,2
1039-a_n.wav,2
1040-a_n.wav,1
1041-a_n.wav,1
1042-a_n.wav,2
1043-a_n.wav,1
1044-a_n.wav,1
1046-a_n.wav,2
1047-a_n.wav,2
1048-a_n.wav,3
1049-a_n.wav,1
1050-a_n.wav,1
1055-a_n.wav,2
1056-a_n.wav,2
1058-a_n.wav,2
106-a_n.wav,2
107-a_n.wav,1
108-a_n.wav,2
1083-a_n.wav,1
1085-a_n.wav,2
1087-a_n.wav,1
109-a_n.wav,2
1090-a_n.wav,2
110-a_n.wav,3
1113-a_n.wav,1
1115-a_n.wav,1
1116-a_n.wav,2
1117-a_n.wav,3
1118-a_n.wav,2
1119-a_n.wav,2
1120-a_n.wav,2
1156-a_n.wav,1
1157-a_n.wav,2
1158-a_n.wav,2
1159-a_n.wav,1
1163-a_n.wav,2
1165-a_n.wav,2
118-a_n.wav,1
1186-a_n.wav,2
1187-a_n.wav,1
1188-a_n.wav,2
1189-a_n.wav,2
119-a_n.wav,2
1190-a_n.wav,2
1191-a_n.wav,2
1194-a_n.wav,1
1195-a_n.wav,2
1196-a_n.wav,1
1197-a_n.wav,2
1198-a_n.wav,1
1199-a_n.wav,2
1200-a_n.wav,2
1201-a_n.wav,2
1202-a_n.wav,2
1204-a_n.wav,1
1205-a_n.wav,1
1206-a_n.wav,3
1217-a_n.wav,2
1218-a_n.wav,2
1219-a_n.wav,1
1221-a_n.wav,2
1222-a_n.wav,1
1223-a_n.wav,2
1225-a_n.wav,1
1227-a_n.wav,2
1230-a_n.wav,1
1232-a_n.wav,3
1234-a_n.wav,2
1235-a_n.wav,3
1239-a_n.wav,2
1241-a_n.wav,1
1242-a_n.wav,2
1244-a_n.wav,1
1246-a_n.wav,2
1249-a_n.wav,3
1250-a_n.wav,2
1251-a_n.wav,2
1254-a_n.wav,2
1255-a_n.wav,2
1256-a_n.wav,2
1257-a_n.wav,2
1258-a_n.wav,1
1259-a_n.wav,1
1260-a_n.wav,1
1261-a_n.wav,2
1263-a_n.wav,2
1264-a_n.wav,3
1265-a_n.wav,1
1266-a_n.wav,1
1267-a_n.wav,3
1269-a_n.wav,2
1270-a_n.wav,2
1271-a_n.wav,2
1272-a_n.wav,1
1275-a_n.wav,1
1276-a_n.wav,1
1277-a_n.wav,2
1279-a_n.wav,3
128-a_n.wav,3
1280-a_n.wav,2
1281-a_n.wav,1
1282-a_n.wav,1
1283-a_n.wav,1
1284-a_n.wav,2
1285-a_n.wav,3
1291-a_n.wav,2
1292-a_n.wav,3
1294-a_n.wav,1
1296-a_n.wav,1
1297-a_n.wav,1
1298-a_n.wav,1
1299-a_n.wav,1
1300-a_n.wav,1
1302-a_n.wav,3
1305-a_n.wav,2
1306-a_n.wav,2
1307-a_n.wav,2
1309-a_n.wav,1
131-a_n.wav,2
1310-a_n.wav,1
1311-a_n.wav,2
1312-a_n.wav,2
1313-a_n.wav,2
1315-a_n.wav,2
1316-a_n.wav,2
1317-a_n.wav,1
1318-a_n.wav,1
1319-a_n.wav,2
1321-a_n.wav,2
1322-a_n.wav,2
1323-a_n.wav,1
1325-a_n.wav,1
1326-a_n.wav,1
1327-a_n.wav,1
1328-a_n.wav,2
1329-a_n.wav,2
1331-a_n.wav,2
1333-a_n.wav,2
1334-a_n.wav,2
1335-a_n.wav,2
1337-a_n.wav,2
1339-a_n.wav,2
1341-a_n.wav,3
1376-a_n.wav,2
1378-a_n.wav,1
1379-a_n.wav,1
138-a_n.wav,3
1382-a_n.wav,3
1385-a_n.wav,3
1386-a_n.wav,2
1388-a_n.wav,1
1389-a_n.wav,2
1391-a_n.wav,2
1392-a_n.wav,2
1393-a_n.wav,2
1394-a_n.wav,1
1395-a_n.wav,1
1396-a_n.wav,2
140-a_n.wav,1
1401-a_n.wav,3
1404-a_n.wav,2
1405-a_n.wav,2
1406-a_n.wav,1
1408-a_n.wav,2
1409-a_n.wav,3
1410-a_n.wav,3
1411-a_n.wav,1
1414-a_n.wav,1
1415-a_n.wav,2
1416-a_n.wav,3
1417-a_n.wav,2
142-a_n.wav,2
1422-a_n.wav,3
1424-a_n.wav,3
1425-a_n.wav,1
1429-a_n.wav,2
1431-a_n.wav,2
1432-a_n.wav,2
1433-a_n.wav,2
1434-a_n.wav,2
1435-a_n.wav,2
1436-a_n.wav,2
1437-a_n.wav,2
1438-a_n.wav,3
1439-a_n.wav,1
144-a_n.wav,1
1440-a_n.wav,1
1441-a_n.wav,1
1442-a_n.wav,1
1443-a_n.wav,2
1444-a_n.wav,1
1445-a_n.wav,2
1446-a_n.wav,3
1447-a_n.wav,2
1449-a_n.wav,3
1451-a_n.wav,2
1452-a_n.wav,1
1453-a_n.wav,3
1454-a_n.wav,1
1455-a_n.wav,2
1456-a_n.wav,2
1458-a_n.wav,3
146-a_n.wav,2
1461-a_n.wav,2
1462-a_n.wav,3
1463-a_n.wav,3
1464-a_n.wav,2
1465-a_n.wav,2
1466-a_n.wav,1
1468-a_n.wav,2
1469-a_n.wav,1
1470-a_n.wav,2
1471-a_n.wav,1
1472-a_n.wav,3
1476-a_n.wav,1
1477-a_n.wav,1
1479-a_n.wav,1
148-a_n.wav,2
1481-a_n.wav,2
1482-a_n.wav,2
1483-a_n.wav,1
1484-a_n.wav,2
1485-a_n.wav,2
1486-a_n.wav,2
1487-a_n.wav,2
1488-a_n.wav,2
1489-a_n.wav,2
149-a_n.wav,1
1490-a_n.wav,3
1491-a_n.wav,2
1492-a_n.wav,2
1502-a_n.wav,1
151-a_n.wav,1
152-a_n.wav,2
1525-a_n.wav,2
154-a_n.wav,1
1545-a_n.wav,2
1546-a_n.wav,2
1547-a_n.wav,2
1548-a_n.wav,2
1549-a_n.wav,3
155-a_n.wav,3
1550-a_n.wav,1
1551-a_n.wav,2
1552-a_n.wav,3
1553-a_n.wav,2
1554-a_n.wav,2
1555-a_n.wav,3
1556-a_n.wav,1
1557-a_n.wav,1
1558-a_n.wav,2
1560-a_n.wav,2
1561-a_n.wav,3
1562-a_n.wav,3
1565-a_n.wav,3
1566-a_n.wav,2
1567-a_n.wav,2
1568-a_n.wav,1
1569-a_n.wav,2
1570-a_n.wav,1
1571-a_n.wav,3
1576-a_n.wav,2
1578-a_n.wav,2
1581-a_n.wav,2
1588-a_n.wav,2
1589-a_n.wav,1
1590-a_n.wav,2
1591-a_n.wav,1
1592-a_n.wav,1
1593-a_n.wav,1
1594-a_n.wav,2
1596-a_n.wav,2
1597-a_n.wav,1
1599-a_n.wav,2
160-a_n.wav,2
1601-a_n.wav,3
1602-a_n.wav,2
1603-a_n.wav,2
1604-a_n.wav,2
1606-a_n.wav,3
1607-a_n.wav,1
1608-a_n.wav,2
1609-a_n.wav,1
1610-a_n.wav,2
1611-a_n.wav,1
1613-a_n.wav,2
1614-a_n.wav,2
1615-a_n.wav,1
1616-a_n.wav,1
1617-a_n.wav,2
1620-a_n.wav,2
1621-a_n.wav,2
1622-a_n.wav,3
1624-a_n.wav,2
1625-a_n.wav,2
1628-a_n.wav,1
1629-a_n.wav,2
1630-a_n.wav,3
1631-a_n.wav,3
1632-a_n.wav,2
1633-a_n.wav,1
1634-a_n.wav,3
1635-a_n.wav,2
1636-a_n.wav,2
1637-a_n.wav,2
1638-a_n.wav,3
1640-a_n.wav,1
1641-a_n.wav,3
1642-a_n.wav,2
1643-a_n.wav,2
1644-a_n.wav,3
1645-a_n.wav,1
1646-a_n.wav,1
1647-a_n.wav,2
1648-a_n.wav,1
1649-a_n.wav,3
1650-a_n.wav,2
1651-a_n.wav,3
1652-a_n.wav,2
1653-a_n.wav,2
1654-a_n.wav,2
1656-a_n.wav,2
1657-a_n.wav,2
1658-a_n.wav,2
1659-a_n.wav,2
1660-a_n.wav,2
1661-a_n.wav,2
1662-a_n.wav,2
1663-a_n.wav,1
1664-a_n.wav,1
1665-a_n.wav,2
1666-a_n.wav,3
1667-a_n.wav,2
1668-a_n.wav,2
1669-a_n.wav,2
1670-a_n.wav,3
1671-a_n.wav,3
1672-a_n.wav,3
1673-a_n.wav,3
1674-a_n.wav,1
1676-a_n.wav,3
1678-a_n.wav,2
1679-a_n.wav,2
1680-a_n.wav,1
1681-a_n.wav,1
1682-a_n.wav,1
1684-a_n.wav,1
1685-a_n.wav,1
1686-a_n.wav,2
1687-a_n.wav,2
1689-a_n.wav,2
1690-a_n.wav,1
1692-a_n.wav,3
1693-a_n.wav,2
1694-a_n.wav,1
1713-a_n.wav,1
1714-a_n.wav,2
1715-a_n.wav,1
1716-a_n.wav,3
1717-a_n.wav,2
1718-a_n.wav,3
1719-a_n.wav,2
1720-a_n.wav,2
1722-a_n.wav,2
1723-a_n.wav,1
1741-a_n.wav,2
1742-a_n.wav,1
1744-a_n.wav,1
1745-a_n.wav,2
1746-a_n.wav,2
1748-a_n.wav,2
1749-a_n.wav,3
1750-a_n.wav,2
1751-a_n.wav,2
1754-a_n.wav,1
1756-a_n.wav,3
1757-a_n.wav,3
1759-a_n.wav,1
1760-a_n.wav,3
1761-a_n.wav,1
1763-a_n.wav,3
1770-a_n.wav,2
1771-a_n.wav,3
1778-a_n.wav,2
1782-a_n.wav,2
1784-a_n.wav,2
1785-a_n.wav,3
1790-a_n.wav,1
1797-a_n.wav,2
1804-a_n.wav,1
1807-a_n.wav,2
1808-a_n.wav,2
1816-a_n.wav,1
1821-a_n.wav,2
1834-a_n.wav,1
1862-a_n.wav,1
1863-a_n.wav,2
1864-a_n.wav,1
1869-a_n.wav,2
1892-a_n.wav,2
1894-a_n.wav,2
1895-a_n.wav,2
1901-a_n.wav,2
1902-a_n.wav,2
1908-a_n.wav,2
1909-a_n.wav,3
1914-a_n.wav,2
1932-a_n.wav,2
1938-a_n.wav,2
1945-a_n.wav,2
1949-a_n.wav,3
1951-a_n.wav,2
1960-a_n.wav,2
1993-a_n.wav,2
1994-a_n.wav,3
1998-a_n.wav,2
2029-a_n.wav,3
2030-a_n.wav,3
2064-a_n.wav,3
2077-a_n.wav,2
2078-a_n.wav,2
2083-a_n.wav,2
2088-a_n.wav,2
2120-a_n.wav,2
2136-a_n.wav,3
2150-a_n.wav,2
2190-a_n.wav,2
2243-a_n.wav,1
2246-a_n.wav,2
2296-a_n.wav,2
2311-a_n.wav,2
2326-a_n.wav,2
2334-a_n.wav,2
2351-a_n.wav,3
2355-a_n.wav,2
2360-a_n.wav,1
2363-a_n.wav,1
2366-a_n.wav,2
2383-a_n.wav,3
2384-a_n.wav,3
2395-a_n.wav,1
2397-a_n.wav,1
2413-a_n.wav,2
2453-a_n.wav,1
2455-a_n.wav,2
2469-a_n.wav,1
2477-a_n.wav,2
2490-a_n.wav,3
2512-a_n.wav,2
2548-a_n.wav,2
2558-a_n.wav,1
2599-a_n.wav,1
348-a_n.wav,2
349-a_n.wav,1
352-a_n.wav,2
355-a_n.wav,1
356-a_n.wav,2
357-a_n.wav,2
358-a_n.wav,2
359-a_n.wav,2
360-a_n.wav,2
362-a_n.wav,2
363-a_n.wav,1
364-a_n.wav,3
365-a_n.wav,2
366-a_n.wav,1
367-a_n.wav,2
368-a_n.wav,2
445-a_n.wav,2
446-a_n.wav,2
448-a_n.wav,2
449-a_n.wav,2
450-a_n.wav,2
451-a_n.wav,1
491-a_n.wav,3
493-a_n.wav,2
494-a_n.wav,1
495-a_n.wav,2
496-a_n.wav,2
497-a_n.wav,1
498-a_n.wav,2
499-a_n.wav,1
500-a_n.wav,2
501-a_n.wav,2
502-a_n.wav,2
503-a_n.wav,1
504-a_n.wav,3
561-a_n.wav,2
563-a_n.wav,2
564-a_n.wav,2
565-a_n.wav,3
567-a_n.wav,2
568-a_n.wav,2
612-a_n.wav,2
627-a_n.wav,1
628-a_n.wav,2
629-a_n.wav,2
630-a_n.wav,1
631-a_n.wav,2
634-a_n.wav,1
665-a_n.wav,1
666-a_n.wav,1
667-a_n.wav,1
668-a_n.wav,1
669-a_n.wav,2
671-a_n.wav,2
672-a_n.wav,2
673-a_n.wav,1
674-a_n.wav,2
692-a_n.wav,2
693-a_n.wav,1
712-a_n.wav,1
714-a_n.wav,3
716-a_n.wav,2
718-a_n.wav,1
719-a_n.wav,3
721-a_n.wav,1
722-a_n.wav,2
723-a_n.wav,1
725-a_n.wav,2
727-a_n.wav,2
728-a_n.wav,3
729-a_n.wav,2
730-a_n.wav,2
731-a_n.wav,2
741-a_n.wav,1
742-a_n.wav,2
815-a_n.wav,2
817-a_n.wav,1
818-a_n.wav,2
819-a_n.wav,2
820-a_n.wav,2
821-a_n.wav,2
822-a_n.wav,1
823-a_n.wav,2
824-a_n.wav,2
825-a_n.wav,1
826-a_n.wav,3
827-a_n.wav,2
828-a_n.wav,2
829-a_n.wav,3
830-a_n.wav,1
845-a_n.wav,3
847-a_n.wav,3
848-a_n.wav,2
849-a_n.wav,3
850-a_n.wav,2
851-a_n.wav,2
853-a_n.wav,1
854-a_n.wav,2
857-a_n.wav,1
859-a_n.wav,3
864-a_n.wav,2
868-a_n.wav,2
869-a_n.wav,1
871-a_n.wav,2
872-a_n.wav,2
874-a_n.wav,2
876-a_n.wav,3
877-a_n.wav,2
878-a_n.wav,2
879-a_n.wav,2
880-a_n.wav,3
881-a_n.wav,1
883-a_n.wav,2
884-a_n.wav,2
888-a_n.wav,1
889-a_n.wav,1
890-a_n.wav,1
891-a_n.wav,3
892-a_n.wav,2
893-a_n.wav,3
894-a_n.wav,2
895-a_n.wav,2
896-a_n.wav,2
898-a_n.wav,3
899-a_n.wav,2
900-a_n.wav,2
901-a_n.wav,3
902-a_n.wav,3
903-a_n.wav,3
904-a_n.wav,2
907-a_n.wav,2
908-a_n.wav,2
909-a_n.wav,1
910-a_n.wav,2
911-a_n.wav,1
912-a_n.wav,2
913-a_n.wav,2
914-a_n.wav,3
917-a_n.wav,2
918-a_n.wav,3
919-a_n.wav,2
920-a_n.wav,3
921-a_n.wav,2
922-a_n.wav,2
923-a_n.wav,2
924-a_n.wav,2
925-a_n.wav,3
926-a_n.wav,1
928-a_n.wav,2
929-a_n.wav,2
931-a_n.wav,2
932-a_n.wav,2
934-a_n.wav,1
935-a_n.wav,3
936-a_n.wav,3
937-a_n.wav,1
938-a_n.wav,3
939-a_n.wav,1
940-a_n.wav,3